{"accuracy": 0.9533333333333333, "precision": 0.9429721490718303, "recall": 0.9536309516169402, "f1_score": 0.92080767345047637, "dataset_size": 3000}