{"accuracy": 0.9521483097055616, "precision": 0.9156811688171055, "recall": 0.9388767720828789, "f1_score": 0.9444081192904982}